{"grad_var/fc_input.1.weight": 1.2195520184832276e-06, "_timestamp": 1712192143.7069302, "params_var/fc_input.1.weight": 0.0012742194812744856, "grad_var/fc_input.1.bias": 2.0872564121532378e-08, "params_var/fc_input.1.bias": 0.00026000774232670665, "grad_var/fc_out.0.weight": 5.441784378490411e-05, "params_var/fc_out.0.weight": 0.10021937638521194, "grad_var/fc_out.0.bias": 2.2330914362100884e-07, "params_var/fc_out.0.bias": 0.04499482735991478, "train/loss": 0.22209493815898895, "train/accuracy": 1.0, "_runtime": 239.15547704696655, "_step": 1000, "eval/loss": 0.4066462154388428, "eval/accuracy": 0.8857, "_wandb": {"runtime": 237}}