{"grad_var/fc_input.1.weight": 0.0015874446835368872, "_timestamp": 1712196177.1743872, "params_var/fc_input.1.weight": 0.0017511071637272835, "grad_var/fc_input.1.bias": 0.0017817585030570626, "params_var/fc_input.1.bias": 0.0002509539481252432, "grad_var/fc_out.0.weight": 0.0603424496948719, "params_var/fc_out.0.weight": 0.1032320037484169, "grad_var/fc_out.0.bias": 0.002846358111128211, "params_var/fc_out.0.bias": 0.05279999226331711, "train/loss": 0.31949582695961, "train/accuracy": 1.0, "_runtime": 80.34993314743042, "_step": 1000, "eval/loss": 0.5983974559783936, "eval/accuracy": 0.8033, "_wandb": {"runtime": 78}}