{"grad_var/fc_input.1.weight": 1.2281323051865911e-06, "_timestamp": 1712251362.878068, "params_var/fc_input.1.weight": 0.0012747349683195353, "grad_var/fc_input.1.bias": 2.114314590073718e-08, "params_var/fc_input.1.bias": 0.0002610853989608586, "grad_var/fc_out.0.weight": 5.487647285917774e-05, "params_var/fc_out.0.weight": 0.10025957971811295, "grad_var/fc_out.0.bias": 2.250409067983128e-07, "params_var/fc_out.0.bias": 0.04499944671988487, "train/loss": 0.22472980618476868, "train/accuracy": 1.0, "_runtime": 152.4511239528656, "_step": 1000, "eval/loss": 0.40698431158065795, "eval/accuracy": 0.8864, "_wandb": {"runtime": 150}}