{"grad_var/fc_input.1.weight": 4.0102236198436e-06, "_timestamp": 1712195495.2399669, "params_var/fc_input.1.weight": 0.001515327487140894, "grad_var/fc_input.1.bias": 3.595113412302453e-06, "params_var/fc_input.1.bias": 0.0002076019300147891, "grad_var/fc_out.0.weight": 0.00017177363042719662, "params_var/fc_out.0.weight": 0.11454737186431885, "grad_var/fc_out.0.bias": 9.761656656337436e-06, "params_var/fc_out.0.bias": 0.045091401785612106, "train/loss": 0.20054790377616882, "train/accuracy": 1.0, "_runtime": 105.51438975334167, "_step": 1000, "eval/loss": 0.6969414017677307, "eval/accuracy": 0.785, "_wandb": {"runtime": 103}}