{"grad_var/fc_input.1.weight": 7.412841659970582e-05, "_timestamp": 1712195994.2315726, "params_var/fc_input.1.weight": 0.001488426118157804, "grad_var/fc_input.1.bias": 4.4502881792141125e-05, "params_var/fc_input.1.bias": 0.0002435386850265786, "grad_var/fc_out.0.weight": 0.0019434585701674223, "params_var/fc_out.0.weight": 0.10570904612541199, "grad_var/fc_out.0.bias": 5.309432162903249e-05, "params_var/fc_out.0.bias": 0.04782504588365555, "train/loss": 0.16826365888118744, "train/accuracy": 1.0, "_runtime": 80.13605570793152, "_step": 1000, "eval/loss": 0.45274839091300967, "eval/accuracy": 0.864, "_wandb": {"runtime": 78}}