{"grad_var/fc_input.1.weight": 1.009422976494534e-05, "_timestamp": 1712195608.1905212, "params_var/fc_input.1.weight": 0.0015226290561258793, "grad_var/fc_input.1.bias": 8.099843398667872e-06, "params_var/fc_input.1.bias": 0.00023232007515616715, "grad_var/fc_out.0.weight": 0.0002175628615077585, "params_var/fc_out.0.weight": 0.11697521805763245, "grad_var/fc_out.0.bias": 4.588610408973182e-06, "params_var/fc_out.0.bias": 0.0462823323905468, "train/loss": 0.2229866087436676, "train/accuracy": 1.0, "_runtime": 104.95230913162231, "_step": 1000, "eval/loss": 0.5640713596343994, "eval/accuracy": 0.8265, "_wandb": {"runtime": 102}}