{"grad_var/fc_input.1.weight": 2.017633232753724e-05, "_timestamp": 1712195711.606228, "params_var/fc_input.1.weight": 0.0014644572511315346, "grad_var/fc_input.1.bias": 1.788337976904586e-05, "params_var/fc_input.1.bias": 0.00023770525876898319, "grad_var/fc_out.0.weight": 0.0004921705694869161, "params_var/fc_out.0.weight": 0.11296342313289642, "grad_var/fc_out.0.bias": 1.9351584342075512e-05, "params_var/fc_out.0.bias": 0.04533620923757553, "train/loss": 0.17982809245586395, "train/accuracy": 1.0, "_runtime": 93.4835422039032, "_step": 1000, "eval/loss": 0.46165527081489566, "eval/accuracy": 0.8597, "_wandb": {"runtime": 91}}