{"grad_var/fc_input.1.weight": 0.0012724646367132664, "_timestamp": 1712196087.1527355, "params_var/fc_input.1.weight": 0.0019860658794641495, "grad_var/fc_input.1.bias": 0.0014529949985444546, "params_var/fc_input.1.bias": 0.00024255449534393847, "grad_var/fc_out.0.weight": 0.0650927871465683, "params_var/fc_out.0.weight": 0.10478589683771133, "grad_var/fc_out.0.bias": 0.0023624286986887455, "params_var/fc_out.0.bias": 0.04888022691011429, "train/loss": 0.36572524905204773, "train/accuracy": 1.0, "_runtime": 83.85704445838928, "_step": 1000, "eval/loss": 0.6753295602798461, "eval/accuracy": 0.7811, "_wandb": {"runtime": 82}}