{"grad_var/fc_input.1.weight": 1.8376842490397394e-05, "_timestamp": 1712195905.775453, "params_var/fc_input.1.weight": 0.0015925480984151363, "grad_var/fc_input.1.bias": 8.505833648086991e-06, "params_var/fc_input.1.bias": 0.00023731774126645178, "grad_var/fc_out.0.weight": 0.0007139384979382157, "params_var/fc_out.0.weight": 0.10793948918581009, "grad_var/fc_out.0.bias": 3.0657796742161736e-05, "params_var/fc_out.0.bias": 0.04973743110895157, "train/loss": 0.18919062614440918, "train/accuracy": 1.0, "_runtime": 79.94258904457092, "_step": 1000, "eval/loss": 0.5434358242988586, "eval/accuracy": 0.8335, "_wandb": {"runtime": 78}}