{"grad_var/fc_input.1.weight": 0.005432650446891785, "_timestamp": 1712190166.3601587, "params_var/fc_input.1.weight": 0.0013517743209376931, "grad_var/fc_input.1.bias": 0.006505437660962343, "params_var/fc_input.1.bias": 0.00025365600595250726, "grad_var/fc_out.0.weight": 0.11429887264966965, "params_var/fc_out.0.weight": 0.09369434416294098, "grad_var/fc_out.0.bias": 0.007361665368080139, "params_var/fc_out.0.bias": 0.04623009264469147, "train/loss": 0.529143750667572, "train/accuracy": 0.625, "_runtime": 96.1506416797638, "_step": 1000, "eval/loss": 0.466549277305603, "eval/accuracy": 0.8617, "_wandb": {"runtime": 93}}