{"grad_var/fc_input.1.weight": 0.0016761934384703636, "_timestamp": 1712196266.9445183, "params_var/fc_input.1.weight": 0.0015652509173378348, "grad_var/fc_input.1.bias": 0.0019976082257926464, "params_var/fc_input.1.bias": 0.00025435222778469324, "grad_var/fc_out.0.weight": 0.04706697165966034, "params_var/fc_out.0.weight": 0.10052088648080826, "grad_var/fc_out.0.bias": 0.0032690358348190784, "params_var/fc_out.0.bias": 0.04971637949347496, "train/loss": 0.2828199863433838, "train/accuracy": 0.75, "_runtime": 81.54059624671936, "_step": 1000, "eval/loss": 0.5096769108772278, "eval/accuracy": 0.8325, "_wandb": {"runtime": 79}}