{"grad_var/fc_input.1.weight": 1.4605228898290079e-05, "_timestamp": 1712256010.537616, "params_var/fc_input.1.weight": 0.00127495639026165, "grad_var/fc_input.1.bias": 1.305092609982239e-05, "params_var/fc_input.1.bias": 0.0002605479094199836, "grad_var/fc_out.0.weight": 0.00033872315543703735, "params_var/fc_out.0.weight": 0.10017324984073639, "grad_var/fc_out.0.bias": 1.3018713616474997e-05, "params_var/fc_out.0.bias": 0.04497160762548447, "train/loss": 0.43280112743377686, "train/accuracy": 0.8857421875, "_runtime": 263.27823090553284, "_step": 1000, "eval/loss": 0.40710605888366697, "eval/accuracy": 0.8852, "_wandb": {"runtime": 261}}