{"grad_var/fc_input.1.weight": 1.322709704254521e-05, "_timestamp": 1712195815.83963, "params_var/fc_input.1.weight": 0.0016721388092264533, "grad_var/fc_input.1.bias": 1.1625073966570199e-05, "params_var/fc_input.1.bias": 0.00022583028476219624, "grad_var/fc_out.0.weight": 0.0005007435684092343, "params_var/fc_out.0.weight": 0.10899806767702103, "grad_var/fc_out.0.bias": 3.5985111026093364e-05, "params_var/fc_out.0.bias": 0.04759197309613228, "train/loss": 0.18569016456604004, "train/accuracy": 1.0, "_runtime": 96.63076996803284, "_step": 1000, "eval/loss": 0.6404672917366028, "eval/accuracy": 0.8005, "_wandb": {"runtime": 95}}