{"grad_var/fc_input.1.weight": 1.9861042801494477e-06, "_timestamp": 1712251112.329188, "params_var/fc_input.1.weight": 0.0013878680765628815, "grad_var/fc_input.1.bias": 9.2349905500555e-09, "params_var/fc_input.1.bias": 0.00024451303761452436, "grad_var/fc_out.0.weight": 7.924563396954909e-05, "params_var/fc_out.0.weight": 0.10944429039955139, "grad_var/fc_out.0.bias": 2.6851887469092617e-07, "params_var/fc_out.0.bias": 0.04469155892729759, "train/loss": 0.2997003197669983, "train/accuracy": 1.0, "_runtime": 74.72212815284729, "_step": 1000, "eval/loss": 0.43746755151748656, "eval/accuracy": 0.8721, "_wandb": {"runtime": 73}}